﻿<?xml version="1.0" encoding="utf-8"?>
<wxCSArea>
	<area epsg="28402" minx="-36" miny="-90" maxx="54" maxy="90" name="Pulkovo 1942 / Gauss-Kruger zone 2"/>
	<area epsg="28403" minx="-30" miny="-90" maxx="60" maxy="90" name="Pulkovo 1942 / Gauss-Kruger zone 3"/>
	<area epsg="28404" minx="-24" miny="-90" maxx="66" maxy="90" name="Pulkovo 1942 / Gauss-Kruger zone 4"/>
	<area epsg="28405" minx="-18" miny="-90" maxx="72" maxy="90" name="Pulkovo 1942 / Gauss-Kruger zone 5"/>
	<area epsg="28406" minx="-12" miny="-90" maxx="78" maxy="90" name="Pulkovo 1942 / Gauss-Kruger zone 6"/>
	<area epsg="28407" minx="-6" miny="-90" maxx="84" maxy="90" name="Pulkovo 1942 / Gauss-Kruger zone 7"/>
	<area epsg="28408" minx="0" miny="-90" maxx="90" maxy="90" name="Pulkovo 1942 / Gauss-Kruger zone 8"/>
	<area epsg="28409" minx="6" miny="-90" maxx="96" maxy="90" name="Pulkovo 1942 / Gauss-Kruger zone 9"/>
	<area epsg="28410" minx="12" miny="-90" maxx="102" maxy="90" name="Pulkovo 1942 / Gauss-Kruger zone 10"/>
	<area epsg="28411" minx="18" miny="-90" maxx="108" maxy="90" name="Pulkovo 1942 / Gauss-Kruger zone 11"/>
	<area epsg="28412" minx="24" miny="-90" maxx="114" maxy="90" name="Pulkovo 1942 / Gauss-Kruger zone 12"/>
	<area epsg="28413" minx="30" miny="-90" maxx="120" maxy="90" name="Pulkovo 1942 / Gauss-Kruger zone 13"/>
	<area epsg="28414" minx="36" miny="-90" maxx="126" maxy="90" name="Pulkovo 1942 / Gauss-Kruger zone 14"/>
	<area epsg="28415" minx="42" miny="-90" maxx="132" maxy="90" name="Pulkovo 1942 / Gauss-Kruger zone 15"/>
	<area epsg="28416" minx="48" miny="-90" maxx="138" maxy="90" name="Pulkovo 1942 / Gauss-Kruger zone 16"/>
	<area epsg="28417" minx="54" miny="-90" maxx="144" maxy="90" name="Pulkovo 1942 / Gauss-Kruger zone 17"/>
	<area epsg="28418" minx="60" miny="-90" maxx="150" maxy="90" name="Pulkovo 1942 / Gauss-Kruger zone 18"/>
	<area epsg="28419" minx="66" miny="-90" maxx="156" maxy="90" name="Pulkovo 1942 / Gauss-Kruger zone 19"/>
	<area epsg="28420" minx="72" miny="-90" maxx="162" maxy="90" name="Pulkovo 1942 / Gauss-Kruger zone 20"/>
	<area epsg="28421" minx="78" miny="-90" maxx="168" maxy="90" name="Pulkovo 1942 / Gauss-Kruger zone 21"/>
	<area epsg="28422" minx="84" miny="-90" maxx="174" maxy="90" name="Pulkovo 1942 / Gauss-Kruger zone 22"/>
	<area epsg="28423" minx="90" miny="-90" maxx="180" maxy="90" name="Pulkovo 1942 / Gauss-Kruger zone 23"/>
	<area epsg="28424" minx="96" miny="-90" maxx="-174" maxy="90" name="Pulkovo 1942 / Gauss-Kruger zone 24"/>
	<area epsg="28425" minx="102" miny="-90" maxx="-168" maxy="90" name="Pulkovo 1942 / Gauss-Kruger zone 25"/>
	<area epsg="28426" minx="108" miny="-90" maxx="-162" maxy="90" name="Pulkovo 1942 / Gauss-Kruger zone 26"/>
	<area epsg="28427" minx="114" miny="-90" maxx="-156" maxy="90" name="Pulkovo 1942 / Gauss-Kruger zone 27"/>
	<area epsg="28428" minx="120" miny="-90" maxx="-150" maxy="90" name="Pulkovo 1942 / Gauss-Kruger zone 28"/>
	<area epsg="28429" minx="126" miny="-90" maxx="-144" maxy="90" name="Pulkovo 1942 / Gauss-Kruger zone 29"/>
	<area epsg="28430" minx="132" miny="-90" maxx="-138" maxy="90" name="Pulkovo 1942 / Gauss-Kruger zone 30"/>
	<area epsg="28431" minx="138" miny="-90" maxx="-132" maxy="90" name="Pulkovo 1942 / Gauss-Kruger zone 31"/>
	<area epsg="28432" minx="144" miny="-90" maxx="-126" maxy="90" name="Pulkovo 1942 / Gauss-Kruger zone 32"/>
</wxCSArea>